state,law
Alabama,photo
Arkansas,photo
Florida,photo
Georgia,photo
Idaho,photo
Indiana,photo
Kansas,photo
Louisiana,photo
Michigan,photo
Mississippi,photo
Rhode Island,photo
South Dakota,photo
Tennessee,photo
Texas,photo
Virginia,photo
Alaska,nonphoto
Arizona,nonphoto
Colorado,nonphoto
Delaware,nonphoto
Hawaii,nonphoto
Kentucky,nonphoto
Missouri,nonphoto
Montana,nonphoto
New Hampshire,nonphoto
North Dakota,nonphoto
Ohio,nonphoto
Oklahoma,nonphoto
South Carolina,nonphoto
Utah,nonphoto
Washington,nonphoto
